id;media_name;media_type;media_url;media_alt;media_caption
1;program alarm;Nevada;Berkshire;dedicated Persevering;Coordinator Cambridgeshire Investor
2;cross-platform Borders;Libyan Dinar CSS;sensor;Alaska;deposit Chips Applications
3;uniform PCI back up;Tactics architectures Planner;Facilitator Incredible functionalities;compressing;Bedfordshire
4;Maryland Configuration;Intranet Ergonomic Concrete Soap Zambian Kwacha;Concrete Bedfordshire;portal calculating Metal;real-time discrete redundant
5;Synergistic Personal Loan Account Sleek;Borders;olive Handcrafted Cotton Bacon Unbranded Fresh Pants;incubate;interfaces
6;Garden Dale Wallis and Futuna;generating;Computers Small Fresh Gloves back-end;interface;compress lavender Investment Account
7;backing up;Iran;Philippine Peso Metal;Strategist;card Licensed Cotton Ball
8;mindshare Gorgeous;Chips;navigating;Som Rustic Frozen Keyboard ROI;Benin
9;Tuna Response invoice;alarm Jamaica;system Gorgeous Rubber Pants;hack;leading-edge
10;Ergonomic Steel Gloves;Developer Shoes Music;Buckinghamshire Hollow Shoes;withdrawal Generic Frozen Tuna;Gorgeous Cotton Chair Personal Loan Account Borders
