id;tag_name;tag_slug;tag_description
1;Norfolk Island Chilean Peso Unidades de fomento Checking Account;invoice Outdoors New York;multi-byte Jamaican Dollar North Carolina
2;Station;parsing Investment Account;Branding Dynamic black
3;yellow;Books Generic;robust withdrawal generate
4;Garden open-source hybrid;Solomon Islands Dollar;Personal Loan Account HTTP
5;schemas Specialist China;quantify multi-byte;interface Cotton Robust
6;user-centric Infrastructure;Managed Dobra application;Fantastic
7;Liechtenstein Buckinghamshire monetize;Direct;Small Frozen Salad bypassing
8;time-frame Quality;Borders Borders Practical;methodical
9;Pakistan;parse;neural Wooden Optimization
10;Tasty Rubber Car mindshare EXE;bandwidth Liaison;program Auto Loan Account Refined
